m1,m0,dotmode,b0,x0,subj,b1
-0.9640574292225158,-0.8053044160459895,2d,1.8035295585406712,6.724544362062445,KRM,2.8710712320954856
