m1,m0,dotmode,b0,x0,subj,b1
-1.892145201662727e-16,-0.7637507705157441,2d,1.8748642913897262,6.723859629905862,ALL,-3.2604886817936034
