m1,m0,dotmode,b0,x0,subj,b1
-1.5729151863769074e-15,-0.6480942576587381,3d,2.1967157946920457,6.723832409424941,ALL,-2.1609613793138602
