{
    "binned": [
        [
            33.333333333333336, 
            50.0, 
            66.66666666666667, 
            83.33333333333333, 
            100.0, 
            116.66666666666667, 
            150.0, 
            200.0, 
            300.0, 
            416.6666666666667, 
            583.3333333333334, 
            833.3333333333334
        ], 
        [
            0.5078173584086063, 
            0.3670795259241262, 
            0.1871947886297377, 
            0.22991149521032905, 
            0.13803662536443154, 
            0.09221745713591559, 
            0.05815870991253645, 
            0.0805111151603499, 
            0.025311272843552612, 
            0.06021268171749729, 
            0.06913263801462144, 
            0.0332566888362488
        ]
    ], 
    "fit": [
        6.724544362062445, 
        -0.8053044160459895, 
        1.8035295585406712, 
        -0.9640574292225158, 
        2.8710712320954856
    ]
}